Rosas;Oreja de Van Gogh;Lo que te conte mientras te hacias la dormida;2003;https://www.youtube.com/watch?v=nYnLVWXmRm8;/canciones/Rosas.mid;Al comienzo del nuevo milenio se abandonan lentamente los sonidos electrónicos al considerarse repetitivos y carentes. Sorpresivamente cambia el enfoque del género a algo más ligero como en sus inicios, el género Rock fue llevado a extremos por el Heavy Metal por ejemplo y ahora se recuperaría la estética y sutileza de ese rock original olvidado. Adicionalmente se contempla el nacimiento de nuevos géneros musicales que más tarde serian de gran trascendencia que al igual que el rock tomarían su inspiración en temas diversos más allá de problemáticas sociales y culturales.;Éxito total en España, llegando a ser clasificada como una de las mejores canciones del pop en español de toda la historia. Toma elementos de la novela “Tiempos de Silencio” de Luis Martin Santos. Se inspira en una desgarradora historia de amor en la que una persona se aferra a un amor que ya ha terminado, esperando que algún día llegue esa persona con un ramo de rosas. La canción fue un éxito total, volviéndose el equivalente a un himno que todos los amantes del género llevan consigo.;;;;;;;
En;un;día;de;estos;en;que;suelo;pensar;;;;;;
Hoy;va;a;ser;el;día;menos;pensado;;;;;;;
Nos;hemos;cruzado,;has;decidido;mirar;;;;;;;;;
A;los;ojitos;azules;que;ahora;van;a;tu;lado;;;;;
--;;;;;;;;;;;;;;
Desde;el;momento;en;el;que;te;conocí;;;;;;;
Resumiendo;con;prisas,;tiempo;de;silencio;;;;;;;;;
Te;juro;que;a;nadie;le;he;vuelto;a;decir;;;;;
Que;tenemos;el;record;del;mundo;en;querernos;;;;;;;
--;;;;;;;;;;;;;;
Por;eso;esperaba;con;la;carita;empapada;;;;;;;;
Que;llegaras;con;rosas,;con;mil;rosas;para;mí;;;;;;
Porque;ya;sabes;que;me;encantan;esas;cosas;;;;;;;
Que;no;importa;si;es;muy;tonto,;soy;así;;;;;;
Y;aún;me;parece;mentira;que;se;escape;mi;vida;;;;;
Imaginando;que;vuelves;a;pasarte;por;aquí;;;;;;;;
Donde;los;viernes,;cada;tarde;como;siempre;;;;;;;;
La;esperanza;dice:;Quieta,;hoy;quizá;sí;;;;;;;;
--;;;;;;;;;;;;;;
Escapando;una;noche;de;un;bostezo;del;Sol;;;;;;;
Me;pediste;que;te;diera;un;beso;;;;;;;;
Con;lo;baratos;que;salen;mi;amor;;;;;;;;
¿Qué;te;cuesta;callarme;con;uno;de;esos?;;;;;;;
Pasaron;seis;meses;y;me;dijiste;adiós;;;;;;;;
Un;placer;coincidir;en;esta;vida;;;;;;;;;
Ahí;me;quedé;en;una;mano;el;corazón;;;;;;;
Y;en;la;otra;excusas;que;ni;tú;entendías;;;;;;
--;;;;;;;;;;;;;;
Por;eso;esperaba;con;la;carita;empapada;;;;;;;;
Que;llegaras;con;rosas,;con;mil;rosas;para;mí;;;;;;
Porque;ya;sabes;que;me;encantan;esas;cosas;;;;;;;
Que;no;importa;si;es;muy;tonto,;soy;así;;;;;;
Y;aún;me;parece;mentira;que;se;escape;mi;vida;;;;;
Imaginando;que;vuelves;a;pasarte;por;aquí;;;;;;;;
Donde;los;viernes,;cada;tarde;como;siempre;;;;;;;;
La;esperanza;dice:;Quieta,;hoy;quizá;sí;;;;;;;;
--;;;;;;;;;;;;;;
Y;es;que;empiezo;a;pensar;;;;;;;;;
Que;el;amor;VERDADERO;es;tan;solo;el;primero;;;;;;
Y;es;que;empiezo;a;sospechar;;;;;;;;;
Que;los;demás;son;solo;para;olvidar;;;;;;;;
--;;;;;;;;;;;;;;
Por;eso;esperaba;con;la;carita;empapada;;;;;;;;
Que;llegaras;con;rosas,;con;mil;rosas;para;mí;;;;;;
Porque;ya;sabes;que;me;encantan;esas;cosas;;;;;;;
Que;no;importa;si;es;muy;tonto,;soy;así;;;;;;
Y;aún;me;parece;mentira;que;se;escape;mi;vida;;;;;
Imaginando;que;vuelves;a;pasarte;por;aquí;;;;;;;;
Donde;los;viernes,;cada;tarde;como;siempre;;;;;;;;
La;esperanza;dice:;Quieta,;hoy;quizá;sí;;;;;;;;
##;;;;;;;;;;;;;;
Me gustas tú;Manu Chao;Próxima estación:Esperanza;2001;https://www.youtube.com/watch?v=rs6Y4kZ8qtw;canciones/Me_gustas_tu.mid;Al comienzo del nuevo milenio se abandonan lentamente los sonidos electrónicos al considerarse repetitivos y carentes. Sorpresivamente cambia el enfoque del género a algo más ligero como en sus inicios, el género Rock fue llevado a extremos por el Heavy Metal por ejemplo y ahora se recuperaría la estética y sutileza de ese rock original olvidado. Adicionalmente se contempla el nacimiento de nuevos géneros musicales que más tarde serian de gran trascendencia que al igual que el rock tomarían su inspiración en temas diversos más allá de problemáticas sociales y culturales.;Se caracteriza por ser una canción simple pero pegajosa, el coro es en francés y el canto principal es en español. Hace parte del álbum “Próxima estación” del autor Manu Chao. Esta inspirada en el ser humano y como este comete errores por su indecisión, es perfecta para dedicársela a esa persona. Los fragmentos hablan de como te gusta esa persona, pero a la vez como te gustan otras cosas, siendo esto algo inevitable que nos hace humanos.;;;;;;;
¿Qué;horas;son,;mi;corazón?;;;;;;;;;;
Te;lo;dije;bien;clarito;;;;;;;;;;
Permanece;la;escucha;;;;;;;;;;;;
Permanece;la;escucha;;;;;;;;;;;;
Doce;de;la;noche;en;La;Habana,;Cuba;;;;;;;
Once;de;la;noche;en;San;Salvador,;El;Salvador;;;;;;
Once;de;la;noche;en;Managua,;Nicaragua;;;;;;;;
-;;;;;;;;;;;;;;
Me;gustan;los;aviones,;me;gustas;tú;;;;;;;;
Me;gusta;viajar,;me;gustas;tú;;;;;;;;;
Me;gusta;la;mañana,;me;gustas;tú;;;;;;;;
Me;gusta;el;viento,;me;gustas;tú;;;;;;;;
Me;gusta;soñar,;me;gustas;tú;;;;;;;;;
Me;gusta;la;mar,;me;gustas;tú;;;;;;;;
-;;;;;;;;;;;;;;
¿Qué;voy;a;hacer?;Je;ne;sais;pas;;;;;;;
¿Qué;voy;a;hacer?;Je;ne;sais;plus;;;;;;;
¿Qué;voy;a;hacer?;Je;suis;perdu;;;;;;;;
¿Qué;horas;son,;mi;corazón?;;;;;;;;;;
-;;;;;;;;;;;;;;
Me;gusta;la;moto,;me;gustas;tú;;;;;;;;
Me;gusta;correr,;me;gustas;tú;;;;;;;;;
Me;gusta;la;lluvia,;me;gustas;tú;;;;;;;;
Me;gusta;volver,;me;gustas;tú;;;;;;;;;
Me;gusta;marihuana,;me;gustas;tú;;;;;;;;;
Me;gusta;colombiana,;me;gustas;tú;;;;;;;;;
Me;gusta;la;montaña,;me;gustas;tú;;;;;;;;
Me;gusta;la;noche;(Me;gustas;tú);;;;;;;;
¿Qué;voy;a;hacer?;Je;ne;sais;pas;;;;;;;
¿Qué;voy;a;hacer?;Je;ne;sais;plus;;;;;;;
¿Qué;voy;a;hacer?;Je;suis;perdu;;;;;;;;
¿Qué;horas;son,;mi;corazón?;;;;;;;;;;
-;;;;;;;;;;;;;;
Doce,;un;minuto;;;;;;;;;;;;
Me;gusta;la;cena,;me;gustas;tú;;;;;;;;
Me;gusta;la;vecina,;me;gustas;tú;;;;;;;;
Radio;Reloj,;una;de;la;mañana;;;;;;;;;
Me;gusta;su;cocina,;me;gustas;tú;;;;;;;;
Me;gusta;camelar,;me;gustas;tú;;;;;;;;;
Me;gusta;la;guitarra,;me;gustas;tú;;;;;;;;
Me;gusta;el;reggae,;me;gustas;tú;;;;;;;;
-;;;;;;;;;;;;;;
¿Qué;voy;a;hacer?;Je;ne;sais;pas;;;;;;;
¿Qué;voy;a;hacer?;Je;ne;sais;plus;;;;;;;
¿Qué;voy;a;hacer?;Je;suis;perdu;;;;;;;;
¿Qué;horas;son,;mi;corazón?;;;;;;;;;;
-;;;;;;;;;;;;;;
Me;gusta;la;canela,;me;gustas;tú;;;;;;;;
Me;gusta;el;fuego,;me;gustas;tú;;;;;;;;
Me;gusta;menear,;me;gustas;tú;;;;;;;;;
Me;gusta;La;Coruña,;me;gustas;tú;;;;;;;;
Me;gusta;Malasaña,;me;gustas;tú;;;;;;;;;
Me;gusta;la;castaña,;me;gustas;tú;;;;;;;;
Me;gusta;Guatemala;(Me;gustas;tú);;;;;;;;;
¿Qué;voy;a;hacer?;Je;ne;sais;pas;;;;;;;
¿Qué;voy;a;hacer?;Je;ne;sais;plus;;;;;;;
¿Qué;voy;a;hacer?;Je;suis;perdu;;;;;;;;
¿Qué;horas;son,;mi;corazón?;;;;;;;;;;
-;;;;;;;;;;;;;;
¿Qué;voy;a;hacer?;Je;ne;sais;pas;;;;;;;
¿Qué;voy;a;hacer?;Je;ne;sais;plus;;;;;;;
¿Qué;voy;a;hacer?;Je;suis;perdu;;;;;;;;
¿Qué;horas;son,;mi;corazón?;;;;;;;;;;
¿Qué;voy;a;hacer?;Je;ne;sais;pas;;;;;;;
¿Qué;voy;a;hacer?;Je;ne;sais;plus;;;;;;;
¿Qué;voy;a;hacer?;Je;suis;perdu;;;;;;;;
¿Qué;horas;son,;mi;corazón?;;;;;;;;;;
-;;;;;;;;;;;;;;
¿Qué;horas;son,;mi;corazón?;;;;;;;;;;
(¿Qué;horas;son,;mi;corazón?);;;;;;;;;;
¿Qué;horas;son,;mi;corazón?;;;;;;;;;;
-;;;;;;;;;;;;;;
¿Qué;horas;son,;mi;corazón?;;;;;;;;;;
¿Qué;horas;son,;mi;corazón?;;;;;;;;;;
-;;;;;;;;;;;;;;
Cuatro;de;la;mañana;;;;;;;;;;;
A;la;bin,;a;la;ban,;a;la;bin,;bon,;ban;;;;
A;la;bin,;a;la;ban,;a;la;bin,;bon,;ban;;;;
Obladí,;obladá,;obladí,;da,;da;;;;;;;;;;
A;la;bin,;a;la;ban,;a;la;bin,;bon,;ban;;;;
Radio;Reloj,;cinco;de;la;mañana;;;;;;;;;
No;todo;lo;que;es;oro;brilla;;;;;;;;
Remedio;chino;e;infalible;;;;;;;;;;;
##;;;;;;;;;;;;;;
Rayando el sol;Mana;Falta amor;1990;https://www.youtube.com/watch?v=bE3ABNHDnAc;canciones/Rayando_el_sol.mid;El rock para esta época continúa mutando, nacen nuevas variantes o subgéneros que tomaran importante relevancia como el Grunge con un ideal un poco controversial. Se trataba de forjar valores como la indiferencia y aislamiento ante la sociedad en las letras de sus canciones. Frente a esto varios grupos revivieron el rock de los 60s para hacer frente a esta tendencia. Adicionalmente se empiezan a combinar sutilmente algunos géneros dando como resultado obras magnificas. Combinaciones del rock con el Pop o la Electrónica, algo sumamente novedoso;Siendo un éxito total del género y una canción que ha dejado huella en muchas personas, se inspira en el amor platónico. La letra expresa como un joven cae locamente enamorado por una chica que pasa de él. El joven no puede hacer nada sin pensar en ella llegando al borde del acoso en su intento de acercarse, la chica sin embargo lo ignora por alguna circunstancia, convirtiéndose en un amor inalcanzable para el chico.;;;;;;;
Rayando;el;sol;;;;;;;;;;;;
Rayando;por;ti;;;;;;;;;;;;
Esta;pena,;me;duele,;me;quema;sin;tu;amor;;;;;;
Nome;llamado;estoy;desesperado;;;;;;;;;;;
Son;las;que;te;he;llorado;;;;;;;;;
Rayando;el;sol,;desesperación;;;;;;;;;;;
Es;más;fácil;llegar;al;sol;que;a;tu;corazón;;;;;
Me;muero;por;ti,;viviendo;sin;ti;;;;;;;;
Y;no;aguanto,;me;duele;tanto;estar;así;;;;;;;
Rayando;el;sol;;;;;;;;;;;;
A;tu;casa;yo;fui;;;;;;;;;;
Y;no;te;encontré;;;;;;;;;;;
En;el;parque,;en;la;plaza,;en;el;cine;yo;te;busqué;;;
Te;tengo;atrapada;entre;mi;piel;y;mi;alma;;;;;;
Mas;ya;no;puedo;tanto;y;quiero;estar;junto;a;ti;;;;
Rayando;el;sol,;desesperación;;;;;;;;;;;
Es;más;fácil;llegar;al;sol;que;a;tu;corazón;;;;;
Y;yo;me;muero;por;ti,;viviendo;sin;ti;;;;;;
Y;no;aguanto,;me;duele;tanto;estar;así;;;;;;;
Rayando;el;sol;;;;;;;;;;;;
Rayando;el;sol,;desesperación;;;;;;;;;;;
Esmás;fácil;llegar;al;sol;que;a;tu;corazón;;;;;;
Y;yo;me;muero;por;ti,;viviendo;sin;ti;;;;;;
Y;no;aguanto,;me;duele;tanto;estar;así;;;;;;;
Y;rayando,;rayando;el;sol;;;;;;;;;;
Rayando;el;sol;;;;;;;;;;;;
Rayando;el;sol;;;;;;;;;;;;
Rayando;el;sol;(eh);;;;;;;;;;;
##;;;;;;;;;;;;;;
A dios le pido;Juanes;Un día normal;2002;https://www.youtube.com/watch?v=rs6Y4kZ8qtw;canciones/A_Dios_le_pido.mid;Al comienzo del nuevo milenio se abandonan lentamente los sonidos electrónicos al considerarse repetitivos y carentes. Sorpresivamente cambia el enfoque del género a algo más ligero como en sus inicios, el género Rock fue llevado a extremos por el Heavy Metal por ejemplo y ahora se recuperaría la estética y sutileza de ese rock original olvidado. Adicionalmente se contempla el nacimiento de nuevos géneros musicales que más tarde serian de gran trascendencia que al igual que el rock tomarían su inspiración en temas diversos más allá de problemáticas sociales y culturales.;Esta canción se ha convertido en una de las más emblemáticas de Juanes, siendo su inspiración Dios. La letra resume una oración alegre que pide por nuestras familias una bendición y protección para todas nuestras generaciones. Esta canción rápidamente se convirtió en un himno de paz que logro encabezar la lista de mejores canciones en más de 12 países.;;;;;;;
Que;mis;ojos;se;despierten;con;la;luz;de;tu;mirada,;yo;;;
A;Dios;le;pido;;;;;;;;;;;
Que;mi;madre;no;se;muera;y;que;mi;padre;me;recuerde;;;
A;Dios;le;pido;;;;;;;;;;;
Que;te;quedes;a;mi;lado;y;que;más;nunca;te;me;vayas,;mi;vida
A;Dios;le;pido;;;;;;;;;;;
Que;mi;alma;no;descanse;cuando;de;amarte;se;trate,;mi;cielo;;;
A;Dios;le;pido;;;;;;;;;;;
Por;los;días;que;me;quedan,;y;las;noches;que;aún;no;llegan,;yo;
A;Dios;le;pido;;;;;;;;;;;
Por;los;hijos;de;mis;hijos;y;los;hijos;de;tus;hijos;;;
A;Dios;le;pido;;;;;;;;;;;
Que;mi;pueblo;no;derrame;tanta;sangre;y;se;levante;mi;gente;;;
A;Dios;le;pido;;;;;;;;;;;
Que;mi;alma;no;descanse;cuando;de;amarte;se;trate,;mi;cielo;;;
A;Dios;le;pido;;;;;;;;;;;
--;;;;;;;;;;;;;;
Un;segundo;más;de;vida;para;darte;;;;;;;;
Y;mi;corazón;entero;entregarte;;;;;;;;;;
Un;segundo;más;de;vida;para;darte;;;;;;;;
Y;a;tu;lado;para;siempre;yo;quedarme;;;;;;;
Un;segundo;más;de;vida,;yo;;;;;;;;;
A;Dios;le;pido;;;;;;;;;;;
Que;si;me;muero;sea;de;amor;;;;;;;;
Y;si;me;enamoro;sea;de;vos;;;;;;;;
Y;que;de;tu;voz;sea;este;corazón;;;;;;;
Todos;los;días;a;Dios;le;pido;;;;;;;;
Que;si;me;muero;sea;de;amor;;;;;;;;
Y;si;me;enamoro;sea;de;vos;;;;;;;;
Y;que;de;tu;voz;sea;este;corazón;;;;;;;
Todos;los;días;a;Dios;le;pido;;;;;;;;
A;Dios;le;pido;;;;;;;;;;;
--;;;;;;;;;;;;;;
Que;mis;ojos;se;despierten;con;la;luz;de;tu;mirada,;yo;;;
A;Dios;le;pido;;;;;;;;;;;
Que;mi;madre;no;se;muera;y;que;mi;padre;me;recuerde;;;
A;Dios;le;pido;;;;;;;;;;;
Que;te;quedes;a;mi;lado;y;que;más;nunca;te;me;vayas,;mi;vida
A;Dios;le;pido;;;;;;;;;;;
Que;mi;alma;no;descanse;cuando;de;amarte;se;trate,;mi;cielo;;;
A;Dios;le;pido;;;;;;;;;;;
--;;;;;;;;;;;;;;
Un;segundo;más;de;vida;para;darte;;;;;;;;
Y;mi;corazón;entero;entregarte;;;;;;;;;;
Un;segundo;más;de;vida;para;darte;;;;;;;;
Y;a;tu;lado;para;siempre;yo;quedarme;;;;;;;
Un;segundo;más;de;vida,;yo;;;;;;;;;
A;Dios;le;pido;;;;;;;;;;;
Que;si;me;muero;sea;de;amor;;;;;;;;
Y;si;me;enamoro;sea;de;vos;;;;;;;;
Y;que;de;tu;voz;sea;este;corazón;;;;;;;
Todos;los;días;a;Dios;le;pido;;;;;;;;
Que;si;me;muero;sea;de;amor;;;;;;;;
Y;si;me;enamoro;sea;de;vos;;;;;;;;
Y;que;de;tu;voz;sea;este;corazón;;;;;;;
Todos;los;días;a;Dios;le;pido;;;;;;;;
Que;si;me;muero;sea;de;amor;;;;;;;;
Y;si;me;enamoro;sea;de;vos;;;;;;;;
Y;que;de;tu;voz;sea;este;corazón;;;;;;;
Todos;los;días;a;Dios;le;pido;;;;;;;;
Que;si;me;muero;sea;de;amor;;;;;;;;
Y;si;me;enamoro;sea;de;vos;;;;;;;;
Y;que;de;tu;voz;sea;este;corazón;;;;;;;
Todos;los;días,;yo;;;;;;;;;;;
A;Dios;le;pido;;;;;;;;;;;
##;;;;;;;;;;;;;;
Tengo la camisa negra;Juanes;Mi Sangre;2004;https://www.youtube.com/watch?v=kRt2sRyup6A;canciones/La_camisa_negra.mid;Al comienzo del nuevo milenio se abandonan lentamente los sonidos electrónicos al considerarse repetitivos y carentes. Sorpresivamente cambia el enfoque del género a algo más ligero como en sus inicios, el género Rock fue llevado a extremos por el Heavy Metal por ejemplo y ahora se recuperaría la estética y sutileza de ese rock original olvidado. Adicionalmente se contempla el nacimiento de nuevos géneros musicales que más tarde serian de gran trascendencia que al igual que el rock tomarían su inspiración en temas diversos más allá de problemáticas sociales y culturales.;La canción se basa en una decepción amorosa que posteriormente haría alusión a la camisa negra al relacionarlo con un estado de soledad. Igualmente hace referencia al estado de luto por el color de la camisa y mas que verlo desde el lado triste lo enfatiza desde el humor con algunas frases de la cultura antioqueña en Colombia. Como dato curioso tenemos que esta canción se hizo muy famosa en tiempo récord llegando a países como Italia, que le dieron un sentido totalmente descabellado que grupos neofascistas tomaron con sus ideologías de odio. De todos eso no quita que sea una de las canciones mas exitosas del género en la historia.;;;;;;;
Tengo;la;camisa;negra;;;;;;;;;;;
Hoy;mi;amor;está;de;luto;;;;;;;;;
Hoy;tengo;en;el;alma;una;pena;;;;;;;;
Y;es;por;culpa;de;tu;embrujo;;;;;;;;
Hoy;sé;que;tú;ya;no;me;quieres;;;;;;;
Y;eso;es;lo;que;más;me;hiere;;;;;;;
Que;tengo;la;camisa;negra;;;;;;;;;;
Y;una;pena;que;me;duele;;;;;;;;;
--;;;;;;;;;;;;;;
Mal;parece;que;solo;me;quedé;;;;;;;;;
Y;fue;pura;todita;tu;mentira;;;;;;;;;
Que;maldita;mala;suerte;la;mía;;;;;;;;;
Que;aquel;día;te;encontré;;;;;;;;;;
--;;;;;;;;;;;;;;
Por;beber;del;veneno;malevo;de;tu;amor;;;;;;;
Yo;quedé;moribundo;y;lleno;de;dolor;;;;;;;;
Respiré;de;ese;humo;amargo;de;tu;adiós;;;;;;;
Y;desde;que;tú;te;fuiste;yo;solo;tengo;;;;;;
--;;;;;;;;;;;;;;
Tengo;la;camisa;negra;;;;;;;;;;;
Porque;negra;tengo;el;alma;;;;;;;;;;
Yo;por;ti;perdí;la;calma;;;;;;;;;
Y;casi;pierdo;hasta;mi;cama;;;;;;;;;
Cama,;cama,;come;on,;baby;;;;;;;;;;
Te;digo;con;disimulo;;;;;;;;;;;
Que;tengo;la;camisa;negra;;;;;;;;;;
Y;debajo;tengo;el;difunto;;;;;;;;;;
--;;;;;;;;;;;;;;
Tengo;la;camisa;negra;;;;;;;;;;;
Ya;tu;amor;no;me;interesa;;;;;;;;;
Lo;que;ayer;me;supo;a;gloria;;;;;;;;
Hoy;me;sabe;a;pura;;;;;;;;;;
Miércoles;por;la;tarde;y;tú;que;no;llegas;;;;;;
Ni;siquiera;muestras;señas;;;;;;;;;;;
Y;yo;con;la;camisa;negra;;;;;;;;;
Y;tus;maletas;en;la;puerta;;;;;;;;;
--;;;;;;;;;;;;;;
Mal;parece;que;solo;me;quedé;;;;;;;;;
Y;fue;pura;todita;tu;mentira;;;;;;;;;
Que;maldita;mala;suerte;la;mía;;;;;;;;;
Que;aquel;día;te;encontré;;;;;;;;;;
Por;beber;del;veneno;malevo;de;tu;amor;;;;;;;
Yo;quedé;moribundo;y;lleno;de;dolor;;;;;;;;
Respiré;de;ese;humo;amargo;de;tu;adiós;;;;;;;
Y;desde;que;tú;te;fuiste;yo;solo;tengo;;;;;;
--;;;;;;;;;;;;;;
Tengo;la;camisa;negra;;;;;;;;;;;
Porque;negra;tengo;el;alma;;;;;;;;;;
Yo;por;ti;perdí;la;calma;;;;;;;;;
Y;casi;pierdo;hasta;mi;cama;;;;;;;;;
Cama,;cama,;come;on,;baby;;;;;;;;;;
Te;digo;con;disimulo;;;;;;;;;;;
Que;tengo;la;camisa;negra;;;;;;;;;;
Y;debajo;tengo;el;difunto;;;;;;;;;;
--;;;;;;;;;;;;;;
Tengo;la;camisa;negra;;;;;;;;;;;
Porque;negra;tengo;el;alma;;;;;;;;;;
Yo;por;ti;perdí;la;calma;;;;;;;;;
Y;casi;pierdo;hasta;mi;cama;;;;;;;;;
Cama,;cama,;come;on,;baby;;;;;;;;;;
Te;digo;con;disimulo;;;;;;;;;;;
Que;tengo;la;camisa;negra;;;;;;;;;;
Y;debajo;tengo;el;difunto;;;;;;;;;;
##;;;;;;;;;;;;;;
Vivo por ella;Andrea Bocelli;Romanza Spanish Version;1997;https://www.youtube.com/watch?v=m5UcZ9thgPI;canciones/Vivo_por_ella.mid;El rock para esta época continúa mutando, nacen nuevas variantes o subgéneros que tomaran importante relevancia como el Grunge con un ideal un poco controversial. Se trataba de forjar valores como la indiferencia y aislamiento ante la sociedad en las letras de sus canciones. Frente a esto varios grupos revivieron el rock de los 60s para hacer frente a esta tendencia. Adicionalmente se empiezan a combinar sutilmente algunos géneros dando como resultado obras magnificas. Combinaciones del rock con el Pop o la Electrónica, algo sumamente novedoso.  ;Para saber el significado de “Vivo por ella” tenemos que retroceder hasta 1995, ya que el tema original perteneció al grupo italiano Onde Radio Ovest, conocido por el acrónimo de O.R.O. Esta canción sí hablaba sobre el amor: “Vivo por ella y no tengo ya latidos regulares en el corazón, solo una fiebre que sube hasta 40 y más de amor”. Sin embargo, el tema no tuvo el éxito esperado y quedó en el olvido. En ese mismo año, Andrea Bocelli empezó a buscar canciones, ya que le faltaban algunas para completar su álbum Romanza. Fue ahí que el artista buscó al compositor Luigi ‘Gatto’ Panceri para que escribiese una nueva letra de la canción del grupo O.R.O.;;;;;;;
Vivo;por;ella;sin;saber;;;;;;;;;;
Si;la;encontré;o;me;ha;encontrado;A Panceri se le ocurrió crear una letra dedicada a la música como forma de agradecimiento. En 1996, el famoso italiano lanzó su disco Romanza, donde incluyó la colaboración de la española Marta Sánchez. A pesar del tono romántico de la canción, la letra no habla sobre una relación sentimental, más bien se trata de un homenaje a la música. Es una de las canciones más emblemáticas de Andrea Bocelli.;;;;;;;
Ya;no;recuerdo;cómo;fue;;;;;;;;;;
Pero;al;final;me;ha;conquistado;;;;;;;;;
--;;;;;;;;;;;;;;
Vivo;por;ella;que;me;da;;;;;;;;;
Toda;mi;fuerza;de;verdad;;;;;;;;;;
Vivo;por;ella;y;no;me;pesa;;;;;;;;
--;;;;;;;;;;;;;;
Vivo;por;ella;yo;también;;;;;;;;;;
No;te;me;pongas;tan;celoso;;;;;;;;;
Ella;entre;todas;es;la;más;;;;;;;;;
Dulce;y;caliente;como;un;beso;;;;;;;;;
--;;;;;;;;;;;;;;
Ella;a;mi;lado;siempre;está;;;;;;;;;
Para;apagar;mi;soledad;;;;;;;;;;;
Más;que;por;mí;;;;;;;;;;;
Por;ella,;yo;vivo;también;;;;;;;;;;
--;;;;;;;;;;;;;;
Es;la;musa;que;te;invita;;;;;;;;;
A;tocarla;suavecita;;;;;;;;;;;;
En;mi;piano;a;veces;triste;;;;;;;;;
La;muerte;no;existe;;;;;;;;;;;
Si;ella;está;aquí;;;;;;;;;;;
--;;;;;;;;;;;;;;
Vivo;por;ella;que;me;da;;;;;;;;;
Todo;el;afecto;que;le;sale;;;;;;;;;
A;veces;pega;de;verdad;;;;;;;;;;
Pero;es;un;puño;que;no;duele;;;;;;;;
--;;;;;;;;;;;;;;
Vivo;por;ella;que;me;da;;;;;;;;;
Fuerza,;valor;y;realidad;;;;;;;;;;;
Para;sentirme;un;poco;vivo;;;;;;;;;;
--;;;;;;;;;;;;;;
Cómo;duele;cuando;falta;(vivo;por;ella;en;un;hotel);;;;;
Cómo;brilla;fuerte;y;alta;(vivo;por;ella;en;propia;piel);;;;
Si;ella;canta;en;mi;garganta;;;;;;;;;
Mis;penas;más;negras;de;espanto;;;;;;;;;
--;;;;;;;;;;;;;;
Vivo;por;ella;y;nadie;más;;;;;;;;;
Puede;vivir;dentro;de;mí;;;;;;;;;;
Ella;me;da;la;vida,;la;vivo;;;;;;;;
--;;;;;;;;;;;;;;
Sí;está;junto;a;mí;;;;;;;;;;
Sí;está;junto;a;mí;;;;;;;;;;
--;;;;;;;;;;;;;;
Desde;un;palco;o;contra;un;muro;(vivo;por;ella;al;límite);;;
En;el;trance;más;oscuro;(vivo;por;ella;íntegra);;;;;;
--;;;;;;;;;;;;;;
Cada;día;una;conquista;;;;;;;;;;;
La;protagonista;es;ella;también;;;;;;;;;;
--;;;;;;;;;;;;;;
Vivo;por;ella;porque;va;;;;;;;;;;
Dándome;siempre;la;salida;;;;;;;;;;;
Porque;la;música;es;así;;;;;;;;;;
Fiel;y;sincera;de;por;vida;;;;;;;;;
--;;;;;;;;;;;;;;
Vivo;por;ella;que;me;da;;;;;;;;;
Noches;de;amor;y;libertad;;;;;;;;;;
Si;hubiese;otra;vida;;;;;;;;;;;
La;vivo;por;ella;también;;;;;;;;;;
--;;;;;;;;;;;;;;
Ella;se;llama;música;;;;;;;;;;;
Yo;vivo;también;(vivo;por;ella,;créeme);;;;;;;;
Por;ella;también;;;;;;;;;;;;
--;;;;;;;;;;;;;;
Yo;vivo;per;lei;;;;;;;;;;;
Yo;vivo;per;lei;;;;;;;;;;;
##;;;;;;;;;;;;;;
Maldito Duende;Heroes del Silencio;Senderos de traición;1991;https://www.youtube.com/watch?v=SqB4FSettTI;canciones/Maldito_duende.mid;El rock para esta época continúa mutando, nacen nuevas variantes o subgéneros que tomaran importante relevancia como el Grunge con un ideal un poco controversial. Se trataba de forjar valores como la indiferencia y aislamiento ante la sociedad en las letras de sus canciones. Frente a esto varios grupos revivieron el rock de los 60s para hacer frente a esta tendencia. Adicionalmente se empiezan a combinar sutilmente algunos géneros dando como resultado obras magnificas. Combinaciones del rock con el Pop o la Electrónica, algo sumamente novedoso.  ;Esta canción se inspira en la vida y en los excesos de la noche, en el sentimiento de soledad que embarga al ser humano que se encuentra bajo el efecto de las sustancias psicoactivas.;;;;;;;
He;oído;que;la;noche;es;toda;magia;;;;;;;
Y;que;el;duende;te;invita;a;soñar;;;;;;;
Y;sé;que;últimamente;apenas;he;parado;;;;;;;;
Y;tengo;la;impresión;de;divagar;;;;;;;;;
Amanece;tan;pronto;y;yo;estoy;tan;solo;;;;;;;
Y;no;me;arrepiento;de;lo;de;ayer;;;;;;;
--;;;;;;;;;;;;;;
Si;las;estrellas;te;iluminan;;;;;;;;;;
Oh;y;te;sirven;de;guía;;;;;;;;;
Te;sientes;tan;fuerte;que;piensas;;;;;;;;;
Que;nadie;te;puede;tocar;;;;;;;;;;
--;;;;;;;;;;;;;;
Las;distancias;se;hacen;cortas;;;;;;;;;;
Pasan;rápidas;las;horas;;;;;;;;;;;
Y;este;cuarto;no;para;de;menguar;;;;;;;;
Y;tantas;cosas;por;decir;tanta;charla;por;aquí;;;;;;
Si;fuera;posible;escapar;de;este;lugar;;;;;;;;
Amanece;tan;pronto;y;yo;estoy;tan;solo;;;;;;;
Que;no;arrepiento;de;lo;de;lo;de;ayer;;;;;;
--;;;;;;;;;;;;;;
Si;las;estrellas;te;iluminan;;;;;;;;;;
Oh;y;te;sirven;de;guía;;;;;;;;;
Te;sientes;tan;fuerte;que;piensas;;;;;;;;;
Que;nadie;te;puede;tocar;;;;;;;;;;
--;;;;;;;;;;;;;;
Amanece;tan;pronto;y;yo;estoy;tan;solo;;;;;;;
Que;no;me;arrepiento;de;lo;de;ayer;;;;;;;
--;;;;;;;;;;;;;;
Si;las;estrellas;te;iluminan;;;;;;;;;;
Y;te;sirven;de;guía;;;;;;;;;;
Te;sientes;tan;fuerte;que;piensas;;;;;;;;;
Que;nadie;te;puede;tocar;;;;;;;;;;
##;;;;;;;;;;;;;;
En algún lugar;Ducan Dhu;En algún lugar;1987;https://www.youtube.com/watch?v=H1eAvX-8g08;canciones/En_algun_lugar.mid;Se trata del auge del Rock, época donde comienzan a surgir variantes dentro del género y a su vez tocar temáticas de relevancia histórica. Se presencio el nacimiento de múltiples grupos culturales que aún se mantienen que usaron el rock como referencia para transmitir sus ideales. En pocas palabras se vivía en un entorno donde el rock era una forma creativa y revolucionaria para transmitir un cambio y denunciar problemáticas sociales, especialmente entre los jóvenes.;"Es la primera canción del álbum El grito del tiempo, el tercero de la banda. Trata sobre la pobreza y la desesperación de una generación en un ""gran país"" en donde el sistema les miente y les presenta una realidad que no es acorde, pues los jóvenes ven que las mismas personas tienen acaparadas las oportunidades. Se centra en la época en la que España estaba en la transición entre la dictadura y la democracia. Los noticieros trasmitían falsas noticias de una prosperidad que el ciudadano común no veía, generando decepción en el sistema.";;;;;;;
En;algún;lugar;de;un;gran;país;;;;;;;;
Olvidaron;construir;;;;;;;;;;;;;
Un;hogar;donde;no;queme;el;Sol;;;;;;;;
Y;al;nacer;no;haya;que;morir;;;;;;;;
--;;;;;;;;;;;;;;
Y;en;las;sombras;;;;;;;;;;;
Mueren;genios;sin;saber;;;;;;;;;;;
De;su;magia;;;;;;;;;;;;
Concedida,;sin;pedirlo;;;;;;;;;;;;
Mucho;tiempo;antes;de;nacer;;;;;;;;;;
--;;;;;;;;;;;;;;
No;hay;camino;que;;;;;;;;;;;
Llegue;hasta;aquí;;;;;;;;;;;;
Y;luego;prentenda;salir;;;;;;;;;;;
Con;el;fuego;de;;;;;;;;;;;
El;atardecer;;;;;;;;;;;;;
Arde;la;hierba;;;;;;;;;;;;
--;;;;;;;;;;;;;;
En;algún;lugar;de;un;gran;país;;;;;;;;
Olvidaron;construir;;;;;;;;;;;;;
Un;hogar;donde;no;queme;el;Sol;;;;;;;;
Y;al;nacer;no;haya;que;morir;;;;;;;;
Un;silbido;cruza;el;pueblo;;;;;;;;;;
Y;se;ve,;un;jinete;;;;;;;;;;
Que;se;marcha;con;el;viento;;;;;;;;;
Mientras;grita;;;;;;;;;;;;;
Que;no;va;a;volver;;;;;;;;;;
--;;;;;;;;;;;;;;
Y;la;tierra;aquí;;;;;;;;;;;
Es;de;otro;color;;;;;;;;;;;
El;polvo;lo;debe;saber;;;;;;;;;;
Los;hombres;ya;no;;;;;;;;;;;
Saben;si;lo;son;;;;;;;;;;;
Pero;lo;quieren;creer;;;;;;;;;;;
--;;;;;;;;;;;;;;
Las;madres;que;ya;;;;;;;;;;;
No;saben;llorar;;;;;;;;;;;;
Ven;a;sus;hijos;partir;;;;;;;;;;
La;tristeza;aquí;;;;;;;;;;;;
No;tiene;lugar;;;;;;;;;;;;
Cuando;lo;triste;es;vivir;;;;;;;;;;
--;;;;;;;;;;;;;;
Na;na-na;na;na;;;;;;;;;;;
Na;na-na;na-na;;;;;;;;;;;;
Na;na-na;na;na;;;;;;;;;;;
Na;na-na;na-na;;;;;;;;;;;;
##;;;;;;;;;;;;;;
Como camarón;Estopa;X anniversarium;1999;https://www.youtube.com/watch?v=JmP89cIGJZM;canciones/Como_Camaron.mid;El rock para esta época continúa mutando, nacen nuevas variantes o subgéneros que tomaran importante relevancia como el Grunge con un ideal un poco controversial. Se trataba de forjar valores como la indiferencia y aislamiento ante la sociedad en las letras de sus canciones. Frente a esto varios grupos revivieron el rock de los 60s para hacer frente a esta tendencia. Adicionalmente se empiezan a combinar sutilmente algunos géneros dando como resultado obras magnificas. Combinaciones del rock con el Pop o la Electrónica, algo sumamente novedoso.  ;Fue una de las primeras composiciones de Estopa. Muchas de las canciones de Estopa nacieron en la planta industrial donde trabajaban los dos hermanos David y José Muñoz, quienes debutaron vendiendo más de 2.000.000 de discos. Esta canción es un homenaje a José Monje Cruz, un cantaor de etnia gitana español, cuyo nombre artístico fue Camarón de La Isla, considerado como el mejor cantaor de flamenco contemporáneo. Es un claro ejemplo de la rumba urbana, con un ritmo galopante, considerado el tema favorito de los autores, el elegido para acabar sus conciertos.;;;;;;;
Superior;a;mí;;;;;;;;;;;;
es;la;fuerza;que;me;lleva;;;;;;;;;
en;el;pulso;que;mantengo;;;;;;;;;;
con;la;oscuridad;que;tiñen;;;;;;;;;;
de;oscuro;tus;ojos;negros;;;;;;;;;;
--;;;;;;;;;;;;;;
Y;que;me;cuentas;del;tiempo;;;;;;;;;
que;pasa;en;tu;pestañeo;;;;;;;;;;
que;me;trae;por;esta;calle;;;;;;;;;
de;amargura;y;de;lamento;;;;;;;;;;
--;;;;;;;;;;;;;;
Que;yo;sé;que;la;sonrisa;;;;;;;;;
que;se;dibuja;en;tu;cara;;;;;;;;;
tiene;que;ver;con;la;brisa;;;;;;;;;
que;abanica;tu;mirada;;;;;;;;;;;
--;;;;;;;;;;;;;;
Tan;despacio;y;tan;deprisa;;;;;;;;;;
tan;normal;y;tan;extraña;;;;;;;;;;
yo;me;parto;la;camisa;;;;;;;;;;
como;Camarón;;;;;;;;;;;;;
tu;te;rompes;las;entrañas;;;;;;;;;;
me;trepas;como;una;araña;;;;;;;;;;
bebes;del;sudor;que;empaña;;;;;;;;;;
el;cristasl;de;mi;habitación;;;;;;;;;;
y;despues;por;la;mañana;;;;;;;;;;
despierto;y;no;tengo;alas;;;;;;;;;;
llevo;10;horas;durmiendo;;;;;;;;;;;
y;mi;almohada;está;empapada;;;;;;;;;;
todo;habías;sido;un;sueño;;;;;;;;;;
muy;real;y;muy;profundo;;;;;;;;;;
tus;ojos;no;tienen;dueño;;;;;;;;;;
porque;no;son;de;este;mundo;;;;;;;;;
--;;;;;;;;;;;;;;
Que;no;te;quiero;mirar;;;;;;;;;;
pero;es;que;cierro;los;ojos;;;;;;;;;
y;hasta;te;veo;por;dentro;;;;;;;;;
te;veo;en;un;lado;y;en;otro;;;;;;;
en;cada;foto,;en;cada;espejo;;;;;;;;;
y;en;las;paradas;del;metro;;;;;;;;;
y;en;los;ojos;de;la;gente;;;;;;;;
hasta;en;las;sopas;mas;calientes;;;;;;;;;
loco;yo;me;estoy;volviendo;;;;;;;;;;
--;;;;;;;;;;;;;;
Que;yo;sé;que;la;sonrisa;;;;;;;;;
que;se;dibuja;en;tu;cara;;;;;;;;;
tiene;que;ver;con;la;brisa;;;;;;;;;
que;abanica;tu;mirada;;;;;;;;;;;
--;;;;;;;;;;;;;;
Tan;despacio;y;tan;deprisa;;;;;;;;;;
tan;normal;y;tan;extraña;;;;;;;;;;
yo;me;parto;la;camisa;;;;;;;;;;
como;Camarón;;;;;;;;;;;;;
tu;te;rompes;las;entrañas;;;;;;;;;;
me;trepas;como;una;araña;;;;;;;;;;
bebes;del;sudor;que;empaña;;;;;;;;;;
el;cristasl;de;mi;habitación;;;;;;;;;;
y;despues;por;la;mañana;;;;;;;;;;
despierto;y;no;tengo;alas;;;;;;;;;;
llevo;10;horas;durmiendo;;;;;;;;;;;
y;mi;almohada;está;empapada;;;;;;;;;;
todo;habías;sido;un;sueño;;;;;;;;;;
muy;real;y;muy;profundo;;;;;;;;;;
tus;ojos;no;tienen;dueño;;;;;;;;;;
porque;no;son;de;este;mundo;;;;;;;;;
--;;;;;;;;;;;;;;
A;veces;me;confundo;;;;;;;;;;;
y;pico;a;tu;vecina;;;;;;;;;;
esa;del;segundo;;;;;;;;;;;;
que;vende;cosa;fina;;;;;;;;;;;
a;veces;te;espero;;;;;;;;;;;
en;el;bar;de;la;esquina;;;;;;;;;
con;la;mirada;fija;en;tu;portería;;;;;;;;
y;a;veces;me;como;de;un;bocao;el;mundo;;;;;
y;a;veces;te;siento;;;;;;;;;;
y;a;veces;te;tumbo;;;;;;;;;;
a;veces;te;leo;un;beso;en;los;labios;;;;;;
pero;como;yo;no;me;atrevo;;;;;;;;;
me;corto;y;me;abro;;;;;;;;;;
--;;;;;;;;;;;;;;
Que;yo;sé;que;la;sonrisa;;;;;;;;;
que;se;dibuja;en;tu;cara;;;;;;;;;
tiene;que;ver;con;la;brisa;;;;;;;;;
que;abanica;tu;mirada;;;;;;;;;;;
--;;;;;;;;;;;;;;
Tan;despacio;y;tan;deprisa;;;;;;;;;;
tan;normal;y;tan;extraña;;;;;;;;;;
yo;me;parto;la;camisa;;;;;;;;;;
como;Camarón;;;;;;;;;;;;;
tu;te;rompes;las;entrañas;;;;;;;;;;
me;trepas;como;una;araña;;;;;;;;;;
bebes;del;sudor;que;empaña;;;;;;;;;;
el;cristasl;de;mi;habitación;;;;;;;;;;
y;despues;por;la;mañana;;;;;;;;;;
despierto;y;no;tengo;alas;;;;;;;;;;
llevo;10;horas;durmiendo;;;;;;;;;;;
y;mi;almohada;está;empapada;;;;;;;;;;
todo;habías;sido;un;sueño;;;;;;;;;;
muy;real;y;muy;profundo;;;;;;;;;;
tus;ojos;no;tienen;dueño;;;;;;;;;;
porque;no;son;de;este;mundo;;;;;;;;;
##;;;;;;;;;;;;;;
Gasolina;Daddy Yankee;Onda latina summer;2010;https://www.youtube.com/watch?v=CCF1_jI8Prk;canciones/La_Gasolina.mid;Esta década para el reggaetón fue de gran trascendencia, se trataba de un nuevo género que recién comenzaba a pegar entre los oyentes, captando la atención y un especial gusto por la población joven. En sus inicios fue muy criticado por su temática al considerarla machista y en contra de la mujer por el lenguaje particular de sus letras. De todos modos, fue un género que progreso y ha llegado a encabezar las listas de la música, siendo quizás el genero que mas se ha expandido en la última década. Se trata de un ritmo sencillo compuesto por electrónica de fondo acompañados del canto.;Es uno de los temas del tercer disco, llamado “Barrio Fino” y trata de una muchacha rebelde a la que le gusta pasarla bien, vive con sus propias reglas y no le rinde cuentas a nadie. Fue la canción que dio a conocer el género del Reggaetón en Europa.;;;;;;;
Oh;;;;;;;;;;;;;;
Oh;;;;;;;;;;;;;;
Oh;;;;;;;;;;;;;;
Oh;;;;;;;;;;;;;;
Oh;;;;;;;;;;;;;;
Who's;this?;(oh);;;;;;;;;;;;
Da-ddy;Yan-kee!;(oh,;oh);;;;;;;;;;;
Zúmbale;mambo;pa;que;mis;gatas;prendan;los;motores;;;;;;
Zúmbale;mambo;pa;que;mis;gatas;prendan;los;motores;;;;;;
Zúmbale;mambo;pa;que;mis;gatas;prendan;los;motores;;;;;;
Que;se;preparen;que;lo;que;viene;es;pa;que;le;den;(¡duro!);;
--;;;;;;;;;;;;;;
Mamita,;yo;sé;que;tú;no;te;me;vas;a;quitar;(¡duro!);;;
Lo;que;me;gusta;es;que;tú;te;dejas;llevar;(¡duro!);;;;
Todos;los;weekenes;ella;sale;a;vacilar;(¡duro!);;;;;;;
Mi;gata;no;para;de;janguear;porque;;;;;;;;
--;;;;;;;;;;;;;;
A;ella;le;gusta;la;gasolina;;;;;;;;;
(Dame;más;gasolina);;;;;;;;;;;;
Cómo;le;encanta;la;gasolina;;;;;;;;;;
(Dame;más;gasolina);;;;;;;;;;;;
A;ella;le;gusta;la;gasolina;;;;;;;;;
(Dame;más;gasolina);;;;;;;;;;;;
Cómo;le;encanta;la;gasolina;;;;;;;;;;
(Dame;más;gasolina);;;;;;;;;;;;
--;;;;;;;;;;;;;;
Ella;prende;las;turbinas;;;;;;;;;;;
No;discrimina;;;;;;;;;;;;;
No;se;pierde;ni;un;party;de;marquesina;;;;;;;
Se;acicala;hasta;pa;la;esquina;;;;;;;;;
Luce;tan;bien;que;hasta;la;sombra;le;combina;;;;;;
Asesina,;me;domina;;;;;;;;;;;;
Janguea;en;carro,;motoras;y;limosinas;;;;;;;;;
Llena;su;tanque;de;adrenalina;;;;;;;;;;
Cuando;escucha;el;reggaeton;en;la;cocina;;;;;;;;
--;;;;;;;;;;;;;;
A;ella;le;gusta;la;gasolina;;;;;;;;;
(Dame;más;gasolina);;;;;;;;;;;;
Cómo;le;encanta;la;gasolina;;;;;;;;;;
(Dame;más;gasolina);;;;;;;;;;;;
A;ella;le;gusta;la;gasolina;;;;;;;;;
(Dame;más;gasolina);;;;;;;;;;;;
Cómo;le;encanta;la;gasolina;;;;;;;;;;
(Dame;más;gasolina);yo;;;;;;;;;;;
--;;;;;;;;;;;;;;
Aquí;nosotros;somos;los;mejores;;;;;;;;;;
No;te;me;ajores;;;;;;;;;;;
En;la;pista;nos;llaman;los;matadores;;;;;;;;
Tú;haces;que;cualquiera;se;enamore;;;;;;;;;
Cuando;bailas;al;ritmo;de;los;tambores;;;;;;;;
Esto;va;pa;las;gatas;de;todos;colores;;;;;;;
Pa;las;mayores,;pa;las;menores;;;;;;;;;
Pa;las;que;son;más;zorras;que;los;cazadores;;;;;;
Pa;las;mujeres;que;no;apagan;sus;motores;;;;;;;
--;;;;;;;;;;;;;;
Tenemos;tú;y;yo;algo;pendiente;;;;;;;;;
Tú;me;debes;algo;y;lo;sabes;;;;;;;;
Conmigo;ella;se;pierde;;;;;;;;;;;
No;le;rinde;cuentas;a;nadie;;;;;;;;;
Tenemos;tú;y;yo;algo;pendiente;;;;;;;;;
Tú;me;debes;algo;y;lo;sabes;;;;;;;;
Conmigo;ella;se;pierde;;;;;;;;;;;
No;le;rinde;cuentas;a;nadie;;;;;;;;;
--;;;;;;;;;;;;;;
Zúmbale;mambo;pa;que;mis;gatas;prendan;los;motores;;;;;;
Zúmbale;mambo;pa;que;mis;gatas;prendan;los;motores;;;;;;
Zúmbale;mambo;pa;que;mis;gatas;prendan;los;motores;;;;;;
Que;se;preparen;que;lo;que;viene;es;pa;que;le;den;(¡duro!);;
--;;;;;;;;;;;;;;
Mamita,;yo;sé;que;tú;no;te;me;vas;a;quitar;(¡duro!);;;
Lo;que;me;gusta;es;que;tú;te;dejas;llevar;(¡duro!);;;;
Todos;los;weekenes;ella;sale;a;vacilar;(¡duro!);;;;;;;
Mi;gata;no;para;de;janguear;porque;;;;;;;;
--;;;;;;;;;;;;;;
A;ella;le;gusta;la;gasolina;(oh,;oh);;;;;;;
(Dame;más;gasolina);(oh,;oh);;;;;;;;;;
Cómo;le;encanta;la;gasolina;(oh,;oh);;;;;;;;
(Dame;más;gasolina);(oh,;oh);;;;;;;;;;
A;ella;le;gusta;la;gasolina;(oh,;oh);;;;;;;
(Dame;más;gasolina);(oh,;oh);;;;;;;;;;
Cómo;le;encanta;la;gasolina;(oh,;oh);;;;;;;;
(Dame;más;gasolina);(oh,;oh);;;;;;;;;;
--;;;;;;;;;;;;;;
Oh,;oh;;;;;;;;;;;;;
Oh,;oh;;;;;;;;;;;;;
Oh,;oh;;;;;;;;;;;;;
Oh,;oh;;;;;;;;;;;;;
##;;;;;;;;;;;;;;
Dame amor;Erick Rubin;Quadrasonico;2001;https://www.youtube.com/watch?v=9plpePYRuno;canciones/dame_amor.mid;Al comienzo del nuevo milenio se abandonan lentamente los sonidos electrónicos al considerarse repetitivos y carentes. Sorpresivamente cambia el enfoque del género a algo más ligero como en sus inicios, el género Rock fue llevado a extremos por el Heavy Metal por ejemplo y ahora se recuperaría la estética y sutileza de ese rock original olvidado. Adicionalmente se contempla el nacimiento de nuevos géneros musicales que más tarde serian de gran trascendencia que al igual que el rock tomarían su inspiración en temas diversos más allá de problemáticas sociales y culturales.;Se inspira en la relación apasionada con una mujer a quien le pide que no le cree sólo una ilusión;;;;;;;
Remueves;todo;en;mí;;;;;;;;;;;
Controlas;mi;respiración;;;;;;;;;;;;
Y;al;vencerme;a;ti;completa;mi;totalidad;;;;;;;
--;;;;;;;;;;;;;;
Somos;inercia;;;;;;;;;;;;;
Dos;mundos;con;un;mismo;sol;;;;;;;;;
Que;nos;gravitará;sin;poderlo;evitar;;;;;;;;;
--;;;;;;;;;;;;;;
Mi;sangre;llena;de;tu;olor;;;;;;;;;
Me;dice;que;eres;todo;;;;;;;;;;
--;;;;;;;;;;;;;;
Siente;el;fuego;en;mi;interior;;;;;;;;;
Déjame;entrar,;me;está;quemando,;amor;;;;;;;;;
No;me;des;una;ilusión;;;;;;;;;;
Eternamente;dame;vida,;dame;amor;;;;;;;;;;
--;;;;;;;;;;;;;;
Mi;mente;gira,;me;transporta;a;otra;dimensión;;;;;;;
Y;abre;puertas;que;controlan;toda;mi;pasión;;;;;;;
No;hay;casualidad,;la;Luna;hace;eclipse;al;Sol;;;;;;
Una;marea;igual;provocas;tú;en;mi;interior;;;;;;;
--;;;;;;;;;;;;;;
Mi;sangre;llena;de;tu;olor;;;;;;;;;
Me;dice;que;eres;todo;;;;;;;;;;
--;;;;;;;;;;;;;;
Siente;el;fuego;en;mi;interior;;;;;;;;;
Déjame;entrar,;me;está;quemando,;amor;;;;;;;;;
No;me;des;una;ilusión;;;;;;;;;;
Eternamente;dame;vida,;dame;amor;;;;;;;;;;
--;;;;;;;;;;;;;;
Mi;sangre;llena;de;tu;olor;;;;;;;;;
Me;dice;que;eres;todo;;;;;;;;;;
--;;;;;;;;;;;;;;
Siente;el;fuego;en;mi;interior;;;;;;;;;
Déjame;entrar,;me;está;quemando,;amor;;;;;;;;;
No;me;des;una;ilusión;;;;;;;;;;
Eternamente;dame;vida,;dame...;;;;;;;;;;;
--;;;;;;;;;;;;;;
Siente;el;fuego;en;mi;interior;;;;;;;;;
Déjame;entrar,;me;está;quemando,;amor;;;;;;;;;
No;me;des;una;ilusión;;;;;;;;;;
Eternamente;dame;vida,;dame;amor;;;;;;;;;;
--;;;;;;;;;;;;;;
Solo;(Dame;amor);dame,;dame;amor;;;;;;;;;
(Dame;amor,;solo;dame;amor);Dame,;dame;amor;;;;;;;
(Dame;amor,;solo;dame;amor);Dame;amor,;dame;amor;;;;;;
##;;;;;;;;;;;;;;
Laura no está;NEK;Leigli amici e tutto il resto;1997;https://www.youtube.com/watch?v=DAIxrSvq6bo;canciones/Laura.mid;El rock para esta época continúa mutando, nacen nuevas variantes o subgéneros que tomaran importante relevancia como el Grunge con un ideal un poco controversial. Se trataba de forjar valores como la indiferencia y aislamiento ante la sociedad en las letras de sus canciones. Frente a esto varios grupos revivieron el rock de los 60s para hacer frente a esta tendencia. Adicionalmente se empiezan a combinar sutilmente algunos géneros dando como resultado obras magnificas. Combinaciones del rock con el Pop o la Electrónica, algo sumamente novedoso.  ;"El autor Filippo Neviani (NEK) se basa en la historia de un amor enfermizo y obsesivo que realmente existió en su vida y que le partió el corazón. Laura lo abandonó, pero él la sigue amando y recordando. Es una canción de despecho que narra cómo conoce a otra mujer con un fin utilitario: para no sentir la ausencia de Laura. Con esta canción se hizo conocer en España.";;;;;;;
Laura;no;está,;Laura;se;fue;;;;;;;;;
Laura;se;escapa;de;mi;vida;;;;;;;;;
Y;tú;que;sí;estás,;preguntas;por;qué;;;;;;;
La;amo;a;pesar;de;las;heridas;;;;;;;;
Lo;ocupa;todo;su;recuerdo;;;;;;;;;;
No;consigo;olvidar;;;;;;;;;;;;
El;beso;de;su;cuerpo;;;;;;;;;;
--;;;;;;;;;;;;;;
Laura;no;está,;eso;lo;sé;;;;;;;;;
Y;no;la;encontraré;en;tu;piel;;;;;;;;
Es;enfermizo,;sabes;que;no;quisiera;;;;;;;;;
Besarte;a;ti;pensando;en;ella;;;;;;;;;
Esta;noche;inventaré;una;tregua;;;;;;;;;;
Ya;no;quiero;pensar;más;;;;;;;;;;
Contigo;olvidaré;su;ausencia;;;;;;;;;;;
--;;;;;;;;;;;;;;
Y;si;te;como;a;besos;tal;vez;;;;;;;
La;noche;sea;más;corta,;no;lo;sé;;;;;;;
Yo;solo;no;me;basto,;quédate;;;;;;;;;
Y;lléname;su;espacio,;quédate;;;;;;;;;;
Quédate;;;;;;;;;;;;;;
--;;;;;;;;;;;;;;
Laura;se;fue,;no;dijo;adiós;;;;;;;;;
Dejando;rota;mi;pasión;;;;;;;;;;;
Laura;quizá;ya;me;olvidó;;;;;;;;;;
Y;otro;rozó;su;corazón;;;;;;;;;;
Y;yo;sólo;sé;decir;su;nombre;;;;;;;;
No;recuerdo;ni;siquiera;el;mío;;;;;;;;;
¿Quién;me;abrigará;este;frío?;;;;;;;;;;
--;;;;;;;;;;;;;;
Y;si;te;como;a;besos,;tal;vez;;;;;;;
La;noche;sea;más;corta,;no;lo;sé;;;;;;;
Yo;solo;no;me;basto,;quédate;;;;;;;;;
Y;lléname,su;espacio,;quédate;;;;;;;;;;;
Quédate;;;;;;;;;;;;;;
--;;;;;;;;;;;;;;
Puede;ser;difícil;para;ti;;;;;;;;;;
Pero;no;puedo;olvidarla;;;;;;;;;;;
Creo;que;es;lógico;;;;;;;;;;;
Por;más;que;yo;intente;escaparme...;;;;;;;;;
Ella;está...;;;;;;;;;;;;;
Unas;horas;jugaré;a;quererte;;;;;;;;;;
Pero;cuando;vuelva;a;amanecer;;;;;;;;;;
Me;perderás;para;siempre;;;;;;;;;;;
--;;;;;;;;;;;;;;
Y;si;te;como;a;besos;sabrás;;;;;;;;
Lo;mucho;que;me;duele;este;dolor;;;;;;;;
No;encontraré;en;tu;abrazo;el;sabor;;;;;;;;
De;los;sueños;que;Laura;me;robó,;oh;;;;;;;
Si;me;enredo;en;tu;cuerpo;sabrás;;;;;;;;
Que;sólo;Laura;es;dueña;de;mi;amor;;;;;;;
No;encontraré;en;tu;abrazo;el;sabor;;;;;;;;
De;los;besos;que;Laura;me;robó,;me;robó;;;;;;
##;;;;;;;;;;;;;;
Nada valgo sin tu amor;Juanes;Mi sangre;2004;https://www.youtube.com/watch?v=zWjXipKSjdg;canciones/Nada_valgo_sin_tu_amor.mid;Al comienzo del nuevo milenio se abandonan lentamente los sonidos electrónicos al considerarse repetitivos y carentes. Sorpresivamente cambia el enfoque del género a algo más ligero como en sus inicios, el género Rock fue llevado a extremos por el Heavy Metal por ejemplo y ahora se recuperaría la estética y sutileza de ese rock original olvidado. Adicionalmente se contempla el nacimiento de nuevos géneros musicales que más tarde serian de gran trascendencia que al igual que el rock tomarían su inspiración en temas diversos más allá de problemáticas sociales y culturales.;"Juanes se inspiró el día en que cumplía 31 años, mientras estaba solo, en un hotel en Madrid y se sentía distante de sus seres queridos. De ahí la primera estrofa: ""Cuando el tiempo pasa y nos hacemos viejos, nos empieza a parecer, que pesan más los daños que los mismos años..."". Con esta canción ganó un Grammy Latino, dos Premios Billboard... y su tercer n1 en LOS40.";;;;;;;
Cuando;el;tiempo;pasa;y;nos;hacemos;viejos;nos;empieza;a;parecer;;;
Que;pesan;más;los;daños;que;los;mismos;años;al;final;;;;
Por;eso;yo;quiero;que;mis;años;pasen;junto;a;ti,;mi;amor;eterno;
Junto;a;mi;familia;junto;a;mis;amigos;y;mi;voz;;;;
--;;;;;;;;;;;;;;
Porque;nada;valgo,;porque;nada;tengo;si;no;tengo;lo;mejor;;;;
Tu;amor;y;compañía;en;mi;corazón;;;;;;;;
--;;;;;;;;;;;;;;
Y;es;que;vale;más;un;año;tardío;que;un;siglo;vacío,;amor;;
Y;es;que;vale;más;tener;bien;llenito;el;corazón;;;;;
Por;eso;yo;quiero;que;en;mi;mente;siempre;tu;cariño;esté;bien;fuerte;
Aunque;estemos;lejos;o;aunque;estemos;cerca;del;final;;;;;;
--;;;;;;;;;;;;;;
Porque;nada;valgo,;porque;nada;tengo;si;no;tengo;lo;mejor;;;;
Tu;amor;y;compañía;en;mi;corazón;;;;;;;;
Ven,;amor;;;;;;;;;;;;;
--;;;;;;;;;;;;;;
Me;siento;débil;cuando;estoy;sin;ti;;;;;;;;
Y;me;hago;fuerte;cuando;estás;aquí;;;;;;;;
Sin;ti;yo;ya;no;sé;qué;es;vivir;;;;;;
Mi;vida;es;un;tunel;sin;tu;luz;;;;;;;
Quiero;pasar;más;tiempo;junto;a;ti;;;;;;;;
Recuperar;las;noches;que;perdí;;;;;;;;;;
Vencer;el;miedo;inmenso;de;morir;;;;;;;;;
Y;ser;eterno;junto;a;ti;;;;;;;;;
--;;;;;;;;;;;;;;
Porque;nada;valgo,;porque;nada;tengo;si;no;tengo;lo;mejor;;;;
Tu;amor;y;compañía;en;mi;corazón;;;;;;;;
--;;;;;;;;;;;;;;
Y;si;yo;pudiera;detener;el;tiempo;y;volver;a;comenzar;;;;
Borrar;todo;lo;que;un;día;me;hizo;tanto,;pero;tanto;mal;;;
Borrar;el;odio;y;también;las;penas;y;una;a;una;las;tristezas;;
Y;dibujar;solo;tu;cariño;en;su;lugar;;;;;;;
--;;;;;;;;;;;;;;
Porque;nada;valgo,;porque;nada;tengo;si;no;tengo;lo;mejor;;;;
Tu;amor;y;compañía;en;mi;corazón;;;;;;;;
Ven,;amor;;;;;;;;;;;;;
--;;;;;;;;;;;;;;
Me;siento;débil;cuando;estoy;sin;ti;;;;;;;;
Y;me;hago;fuerte;cuando;estás;aquí;;;;;;;;
Sin;ti;yo;ya;no;sé;qué;es;vivir;;;;;;
Mi;vida;es;un;tunel;sin;tu;luz;;;;;;;
Quiero;pasar;más;tiempo;junto;a;ti;;;;;;;;
Recuperar;las;noches;que;perdí;;;;;;;;;;
Vencer;el;miedo;inmenso;de;morir;;;;;;;;;
Y;ser;eterno;junto;a;ti;;;;;;;;;
--;;;;;;;;;;;;;;
Porque;nada;valgo,;porque;nada;tengo;si;no;tengo;lo;mejor;;;;
Tu;amor;y;compañía;en;mi;corazón;;;;;;;;
##;;;;;;;;;;;;;;
Vino tinto;Estopa;Destrangis;2001;https://www.youtube.com/watch?v=NOjgze5Nmzc;canciones/Vino_Tinto.mid;Al comienzo del nuevo milenio se abandonan lentamente los sonidos electrónicos al considerarse repetitivos y carentes. Sorpresivamente cambia el enfoque del género a algo más ligero como en sus inicios, el género Rock fue llevado a extremos por el Heavy Metal por ejemplo y ahora se recuperaría la estética y sutileza de ese rock original olvidado. Adicionalmente se contempla el nacimiento de nuevos géneros musicales que más tarde serian de gran trascendencia que al igual que el rock tomarían su inspiración en temas diversos más allá de problemáticas sociales y culturales.;Se basa en la declaración de un hombre que en la primera cita anuncia que no quiere un compromiso serio y le pide a ella que se fije un objetivo distinto ya que él no logra encontrarse a sí mismo ni siquiera en el espejo.;;;;;;;
Hay;pistolas...;;;;;;;;;;;;;
Que;descargadas;se;me;disparan;;;;;;;;;;
Todos;los;relojes;me;separan;;;;;;;;;;
Y;no;me;encuentro;ya;ni;en;la;cama;;;;;;
Amapolas…;;;;;;;;;;;;;;
Son;los;suspiros;de;tus;escamas;;;;;;;;;
Que;son;los;tiros;que;dan;al;alma;;;;;;;
Si;quieres;verme;estoy;en;las;rama;;;;;;;;
--;;;;;;;;;;;;;;
Fíjate;un;objetivo;distinto;;;;;;;;;;;
Que;soy;como;un;vino;tinto;;;;;;;;;
Que;si;me;tomas;en;frío;engaño;;;;;;;;
Y;con;los;años;me;hago;mas;listo,;¡cariño!;;;;;;
--;;;;;;;;;;;;;;
Tómame;calentito;a;tu;ritmo;;;;;;;;;;
Que;soy;como;un;vino;añejo;;;;;;;;;
Hace;ya;tiempo;me;ando;buscando;;;;;;;;;
Y;no;me;encuentro;ni;en;el;espejo;;;;;;;
--;;;;;;;;;;;;;;
Porque;hoy;hay;olas;;;;;;;;;;;
En;este;mar;que;tu;ves;en;calma;;;;;;;
Tu;eres;el;pez;que;muerde;mi;cola;;;;;;;
Yo;soy;un;pájaro;y;tú;las;ramas;;;;;;;
Si;estamos;a;solas;;;;;;;;;;;
Tartartartartartamudeo;y;no;son;trolas;;;;;;;;;;
Yo;nunca;miento;por;la;mañana;;;;;;;;;
Ándate;al;loro;a;última;hora;;;;;;;;;
Yo;no;soy;malo;;;;;;;;;;;
Aunque;me;esconda;entre;la;maleza;;;;;;;;;
A;veces;voy;un;poco;del;palo;;;;;;;;
Tu;eres;mi;puzzle;y;yo;soy;un;pieza;;;;;;
Pero;tu;cuerpo;es;un;escándalo;;;;;;;;;
Hay;un;demonio;que;siempre;me;dice;pruébalo;;;;;;;
Y;un;angelito;que;me;dice;quieto;y;reza;;;;;;
¿A;quién;le;hago;caso;de;los;dos?;;;;;;;
--;;;;;;;;;;;;;;
Fíjate;un;objetivo;distinto;;;;;;;;;;;
Que;soy;como;un;vino;tinto;;;;;;;;;
Que;si;me;tomas;en;frío;engaño;;;;;;;;
Y;con;los;años;me;hago;mas;listo,;¡cariño!;;;;;;
--;;;;;;;;;;;;;;
Tómame;calentito;a;tu;ritmo;;;;;;;;;;
Que;soy;como;un;vino;añejo;;;;;;;;;
Hace;ya;tiempo;me;ando;buscando;;;;;;;;;
Y;no;me;encuentro;ni;en;el;espejo;;;;;;;
--;;;;;;;;;;;;;;
Recapacita,;no;vayamos;a;perder;la;cabeza;;;;;;;;
Porque;esta;es;nuestra;primera;cita;;;;;;;;;
Y;yo;ya;llevo;unas;diez;cervezas;;;;;;;;
No;sé;si;me;incitas;o;me;incito;yo;por;naturaleza;;;;
Niña;lo;que;se;da,;no;se;quita;;;;;;;
Y;lo;que;te;quitas,;ahí;se;queda;morena...;;;;;;
--;;;;;;;;;;;;;;
Fíjate;un;objetivo;distinto;;;;;;;;;;;
Que;soy;como;un;vino;tinto;;;;;;;;;
Que;si;me;tomas;en;frío;engaño;;;;;;;;
Y;con;los;años;me;hago;mas;listo,;¡cariño!;;;;;;
--;;;;;;;;;;;;;;
Tómame;calentito;a;tu;ritmo;;;;;;;;;;
Que;soy;como;un;vino;añejo;;;;;;;;;
Hace;ya;tiempo;me;ando;buscando;;;;;;;;;
Y;no;me;encuentro;ni;en;el;espejo;;;;;;;
##;;;;;;;;;;;;;;
Cuando sea Grande;Cuarteto de nos;Porfiado;2012;https://www.youtube.com/watch?v=6Ae9_FVR_MQ;canciones/Cuando_Sea_Grande.mid;Con la difusión del internet este género ha alcanzado su diversidad más significativa en su historia, son incontables la cantidad de tipos de rock que rondan por el mundo. Existen bandas que tocan desde el rock más puro hasta el rock más alternativo jamás visto, se trata de una mezcla de todas las décadas anteriores dando lugar el nacimiento de más versiones. A resumidas cuentas puedes encontrar desde combinaciones de los sonidos melódicos de los 60s con la rebeldía de los 70s hasta combinaciones musicales de varios géneros a la vez. Lo temas son igualmente muy variados y la capacidad de producir nuevos estilos es cada vez más exequible para los amantes del rock.;"Es una canción de la banda uruguaya Cuarteto De Nos, incluida en su álbum de 2012 Porfiado: disco que cerraría una trilogía que empezó con Raro, seguido de Bipolar y terminado con éste. Se basa en la pregunta que se les hace a los chicos: ¿Qué quieres ser cuando grande? Y la compara con la pregunta que se le hace al adulto: ¿Cómo te ves en 5 años? Esta canción, que es un ejemplo de hipertextualidad donde conviven Shakespeare, Osvaldo Soriano y la mitología griega, concluye que, en definitiva, cuando sea grande quiero volver a ser chico, para reírme, divertirme y dejar de lado la solemnidad.";;;;;;;
No;quiero;quejarme;de;oreja;en;;;;;;;;;
Fijarme;si;quien;me;aventaja;se;;;;;;;;;
Negar;el;reflejo;que;dejo;en;mi;espejo;;;;;;;
Ni;alojar;el;rencor;entre;ceja;y;ceja;;;;;;;
No;quiero;guardar;tantos;secretos;;;;;;;;;;
Ni;estar;enfrentado;en;un;cuadro;grotesco;;;;;;;;
Como;los;Montesco;y;los;Capuleto;;;;;;;;;
No;quiero;a;tu;edad;quedar;obsoleto;;;;;;;;
Ni;perder;el;vigor,;ni;decir;sin;rigor;;;;;;;
Que;todo;tiempo;pasado;siempre;fue;mejor;;;;;;;;
Ni;llegar;a;mi;casa;ofuscado;y;molesto;;;;;;;
No;quiero;estar;cansado;de;llevarme;puesto;;;;;;;;
--;;;;;;;;;;;;;;
Y;aunque;esta;verdad;pueda;doler;;;;;;;;;
Tengo;que;decirlo,;sin;complacer;;;;;;;;;;
Pero;si;ofendo,;pido;perdón;;;;;;;;;;
Cuando;sea;grande,;no;quiero;ser;como;vos;;;;;;;
--;;;;;;;;;;;;;;
No;quiero;cometer;tus;mismos;errores;;;;;;;;;
Ni;creer;que;todos;son;estafadores;;;;;;;;;
No;quiero;manejar;tus;mismos;valores;;;;;;;;;
Ni;que;cada;día;sea;igual;a;los;anteriores;;;;;;
No;quiero;no;poder;controlar;mis;enojos;;;;;;;;
Ni;cargar;esa;tristeza;en;los;ojos;;;;;;;;
Mojados;y;rojos,;ajados;y;flojos;;;;;;;;;
No;quiero;resignarme;a;ser;mis;despojos;;;;;;;;
Ni;echar;con;vehemencia;la;culpa;a;los;demás;;;;;;
De;lo;que;es;mi;incumbencia;y;responsabilidad;;;;;;;
Ni;que;me;de;por;probar;en;alguna;idiotez;;;;;;
Lo;que;no;pude;hacer;cuando;tuve;23;;;;;;;
--;;;;;;;;;;;;;;
Y;aunque;esta;verdad;pueda;doler;;;;;;;;;
Tengo;que;decirlo,;sin;complacer;;;;;;;;;;
Pero;si;ofendo,;pido;perdón;;;;;;;;;;
Cuando;sea;grande,;no;quiero;ser;como;vos;;;;;;;
--;;;;;;;;;;;;;;
No;quiero;que;ya;nada;me;provoque;placer;;;;;;;
Ni;que;cuando;el;dolor;me;toque;evoque;al;ayer;;;;;
Ni;mirar;fotos;viejas;y;ponerme;a;llorar;;;;;;;
O;que;nombren;a;alguien;y;empezar;a;temblar;;;;;;
No;quiero;llevar;esa;vida;mal;trecha;;;;;;;;
Con;sospechas;de;dolo;y;la;ilusión;desecha;;;;;;;
Ni;lanzar;pestes;creyéndome;Apolo;;;;;;;;;;
Ni;que;me;molesten;en;una;fecha;estar;solo;;;;;;
Y;aunque;esto;se;preste;a;mal;interpretar;;;;;;;
No;quiero;que;crean;que;es;solo;por;criticar;;;;;;
Y;espero;que;tan;solo;sea;una;declaración;;;;;;;
Porque;ni;yo;sé;si;quiero;que;quieras;ser;como;yo;;;;
--;;;;;;;;;;;;;;
Y;aunque;esta;verdad;pueda;doler;;;;;;;;;
Tengo;que;decirlo,;sin;complacer;;;;;;;;;;
Pero;si;ofendo,;pido;perdón;;;;;;;;;;
Cuando;sea;grande,;no;quiero;ser;como;vos;;;;;;;
Y;aunque;esta;verdad;pueda;doler;;;;;;;;;
Tengo;que;decirlo,;sin;complacer;;;;;;;;;;
Pero;si;ofendo,;pido;perdón;;;;;;;;;;
Cuando;sea;grande;;;;;;;;;;;;
##;;;;;;;;;;;;;;
Cielo;Benny Ibarra;Cielo;1994;https://www.youtube.com/watch?v=XKzMfTuAJJs;canciones/Cielo.mid;El rock para esta época continúa mutando, nacen nuevas variantes o subgéneros que tomaran importante relevancia como el Grunge con un ideal un poco controversial. Se trataba de forjar valores como la indiferencia y aislamiento ante la sociedad en las letras de sus canciones. Frente a esto varios grupos revivieron el rock de los 60s para hacer frente a esta tendencia. Adicionalmente se empiezan a combinar sutilmente algunos géneros dando como resultado obras magnificas. Combinaciones del rock con el Pop o la Electrónica, algo sumamente novedoso.  ;"Benny Ibarra encontró en su esposa, Celina del Villar la musa de sus letras y fue asó como la canción ""Cielo"" la escribió para ella cuando aún eran novios. Habla de amor eterno que él le juró a Celina. La canción aparece en su disco ""El tiempo"", su segundo álbum, grabado en 1994 y parte de su letra dice: ""Siéntete segura que no te quepa duda cuenta con mi vida y mi devoción. Vivo para amarte...""";;;;;;;
Cielo;por;tu;luz;;;;;;;;;;;
Por;esa;caricia;;;;;;;;;;;;
Yo;seria;capas;de;rendir;mi;ser;;;;;;;;
Ya;no;tiene;caso;;;;;;;;;;;
Mirar;hacia;otro;lado;;;;;;;;;;;
Todo;lo;que;espero;lo;encuentro;;;;;;;;;
En;TI....;;;;;;;;;;;;;
--;;;;;;;;;;;;;;
Sientete;segura;;;;;;;;;;;;;
Que;no;te;quepa;duda;;;;;;;;;;
Cuenta;con;mi;vida;;;;;;;;;;;
why;mi;devocion;;;;;;;;;;;;
Vivo;para;amarte;;;;;;;;;;;;
Para;mi;alejarme;;;;;;;;;;;;
Es;como;quedar;sin;respiracion;;;;;;;;;;
--;;;;;;;;;;;;;;
El;cielo;en;tu;mirada;;;;;;;;;;
Cada;Madrugada;;;;;;;;;;;;;
Es;a;donde;pierdo;mi;confusion;;;;;;;;;
why;cuando;estas;ausente;;;;;;;;;;;
Te;abrazo;a;mi;mente;;;;;;;;;;
Mi;cielo;para;sobrevivir;;;;;;;;;;;
Mi;cielo;para;poder;vivir;;;;;;;;;;
##;;;;;;;;;;;;;;
La raja de tu falda;Estopa;Estopa;1999;https://youtu.be/wECwsE4yNSQ;canciones/por_la_raja_de_tu_falda.mid;El rock para esta época continúa mutando, nacen nuevas variantes o subgéneros que tomaran importante relevancia como el Grunge con un ideal un poco controversial. Se trataba de forjar valores como la indiferencia y aislamiento ante la sociedad en las letras de sus canciones. Frente a esto varios grupos revivieron el rock de los 60s para hacer frente a esta tendencia. Adicionalmente se empiezan a combinar sutilmente algunos géneros dando como resultado obras magnificas. Combinaciones del rock con el Pop o la Electrónica, algo sumamente novedoso.  ;Es un relato fantasioso de un hombre que por quedar embelesado con una mujer a la que se le ven las piernas por la raja de su falda, choca su Ford Escort con un Seat Panda.;;;;;;;
Y;era;una;tarde;tonta;y;caliente;;;;;;;;
De;esas;que;te;quema;el;sol;la;frente;;;;;;
Era;el;verano;del;noventa;y;siete;;;;;;;;
Y;yo;me;moría;por;verte;;;;;;;;;
Mi;única;idea;era;camelarte;;;;;;;;;;
Era;llevarte;a;cualquier;parte;;;;;;;;;;
Yo;ese;dia;tocaba;en;el;bar;sin;nombre;;;;;;
Y;allí;esperaba;encontrarte;;;;;;;;;;;
--;;;;;;;;;;;;;;
Me;puse;un;pantaloncito;estrecho;;;;;;;;;;
La;camiseta;de;los;conciertos;;;;;;;;;;
Vamos;Josele;tira;pa'l;coche;;;;;;;;;;
Porque;esta;noche;nos;la;comemos;;;;;;;;;
--;;;;;;;;;;;;;;
Y;al;pasar;por;tu;calle;allí;estabas;tú;;;;;;
Esperando;en;la;parada;del;autobús;;;;;;;;;
Comiendote,;con;gracia,;aquel;chupachup;;;;;;;;;;
¡Qué;vicio,;qué;vicio!;;;;;;;;;;;
--;;;;;;;;;;;;;;
No;sé;que;me;dio;por;la;espalda;;;;;;;
Cuando;vi;la;raja;de;tu;falda;;;;;;;;
Que;un;Seat;Panda;se;me;cruzó;;;;;;;;
Y;se;comió;el;parachoques;de;mi;Ford;Escort;;;;;;
--;;;;;;;;;;;;;;
Por;la;raja;de;tu;falda;yo;;;;;;;;
Tuve;un;piñazo;con;un;Seat;Panda;;;;;;;;
--;;;;;;;;;;;;;;
10:40;post;meridiam;;;;;;;;;;;;
Llegamos;tarde;para;no;variar;;;;;;;;;;
Y;el;tío;del;garito;esta;mosqueao;;;;;;;;
--;;;;;;;;;;;;;;
Porque;aún;no;hay;nada;montao;;;;;;;;;
Y;la;gente;entra;que;te;entra;;;;;;;;
Y;yo;enchufa;que;te;enchufa;;;;;;;;;
Mi;hermano;"prueba;que;te;prueba";;;;;;;;;;;;
¿Esto;se;escucha;o;no;se;escucha?;;;;;;;;
Entre;el;calor;de;la;gente,;alma;del;ambiente;;;;;;
Los;focos;deslumbrantes;son;muy;potentes;;;;;;;;;
--;;;;;;;;;;;;;;
El;público;delante;muy;expectante;;;;;;;;;;
¡Caliente,;caliente!;;;;;;;;;;;;;
De;repente;se;abrió;la;puerta;;;;;;;;;
Mientras;yo;cogía;la;guitarra;;;;;;;;;;
Y;me;temblaron;las;piernas;;;;;;;;;;
Al;ver;de;nuevo;la;raja;de;tu;falda;;;;;;
--;;;;;;;;;;;;;;
Por;la;raja;de;tu;falda;yo;;;;;;;;
Rompí;tres;cuerdas;de;esta;guitarra;;;;;;;;;
--;;;;;;;;;;;;;;
Y;ahora;ya;a;pasado;el;tiempo;;;;;;;;
Parece;que;fuera;ayer;;;;;;;;;;;
Desde;que;desapareciste;del;concierto;;;;;;;;;;
Yo;no;te;he;vuelto;a;ver;;;;;;;;
Ya;no;recuerdo;tus;ojos;;;;;;;;;;
Ni;siquiera;tu;mirada;;;;;;;;;;;
Tan;solo;puedo;acordarme;de;la;raja;de;tu;falda;;;;;
Por;la;raja;de;tu;falda;;;;;;;;;
Yo;me;he;obsesionao;y;voy;de;barra;en;barra;;;;;
--;;;;;;;;;;;;;;
Por;la;raja;de;tu;falda;;;;;;;;;
Yo;tuve;un;piñazo;con;un;Seat;Panda;;;;;;;
--;;;;;;;;;;;;;;
Por;la;raja;de;tu;falda;;;;;;;;;
Yo;tuve;un;siniestro;con;un;Seat;Panda;;;;;;;
##;;;;;;;;;;;;;;
Hijo de la luna;Mecano;Entre el cielo y yo;1986;https://www.youtube.com/watch?v=OwGG5fX7bxY;;Se trata del auge del Rock, época donde comienzan a surgir variantes dentro del género y a su vez tocar temáticas de relevancia histórica. Se presencio el nacimiento de múltiples grupos culturales que aún se mantienen que usaron el rock como referencia para transmitir sus ideales. En pocas palabras se vivía en un entorno donde el rock era una forma creativa y revolucionaria para transmitir un cambio y denunciar problemáticas sociales, especialmente entre los jóvenes.;Se trata del auge del Rock, época donde comienzan a surgir variantes dentro del género y a su vez tocar temáticas de relevancia histórica. Se presencio el nacimiento de múltiples grupos culturales que aún se mantienen que usaron el rock como referencia para transmitir sus ideales. En pocas palabras se vivía en un entorno donde el rock era una forma creativa y revolucionaria para transmitir un cambio y denunciar problemáticas sociales, especialmente entre los jóvenes.;;;;;;;
Tonto;el;que;no;entienda;;;;;;;;;;
Cuenta;una;leyenda ;;;;;;;;;;;;
Que;una;hembra;gitana;;;;;;;;;;;
Conjuró;a;la;Luna;hasta;el;amanecer;;;;;;;;
Llorando;pedía;;;;;;;;;;;;;
Al;llegar;el;día;;;;;;;;;;;
Desposar;un;calé;;;;;;;;;;;;
--;;;;;;;;;;;;;;
Tendrás;a;tu;hombre;piel;morena;;;;;;;;;
Desde;el;cielo;habló;la;Luna;llena;;;;;;;;
Pero;a;cambio;quiero;;;;;;;;;;;
El;hijo;primero;;;;;;;;;;;;
Que;le;engendres;a;él;;;;;;;;;;
Que;quien;su;hijo;inmola;;;;;;;;;;
Para;no;estar;sola;;;;;;;;;;;
Poco;le;iba;a;querer;;;;;;;;;;
--;;;;;;;;;;;;;;
Luna;quieres;ser;madre;;;;;;;;;;;
Y;no;encuentras;querer;;;;;;;;;;;
Que;te;haga;mujer;;;;;;;;;;;
Dime;Luna;de;plata;;;;;;;;;;;
¿Qué;pretendes;hacer;;;;;;;;;;;;
Con;un;niño;de;piel?;;;;;;;;;;
Hijo;de;la;Luna;;;;;;;;;;;
--;;;;;;;;;;;;;;
De;padre;canela;nació;un;niño;;;;;;;;;
Blanco;como;el;lomo;de;un;armiño;;;;;;;;
Con;los;ojos;grises;;;;;;;;;;;
En;vez;de;aceituna;;;;;;;;;;;
Niño;albino;de;Luna;;;;;;;;;;;
Maldita;su;estampa;;;;;;;;;;;;
Este;hijo;es;de;un;payo;;;;;;;;;
Y;yo;no;me;lo;callo;;;;;;;;;
--;;;;;;;;;;;;;;
Luna;quieres;ser;madre;;;;;;;;;;;
Y;no;encuentras;querer;;;;;;;;;;;
Que;te;haga;mujer;;;;;;;;;;;
Dime;Luna;de;plata;;;;;;;;;;;
¿Qué;pretendes;hacer;;;;;;;;;;;;
Con;un;niño;de;piel?;;;;;;;;;;
Hijo;de;la;Luna;;;;;;;;;;;
--;;;;;;;;;;;;;;
Gitano;al;creerse;deshonrado;;;;;;;;;;;
Se;fue;a;su;mujer;cuchillo;en;mano:;;;;;;;
¿De;quién;es;el;hijo?;;;;;;;;;;
Me;has;engañado;fijo;;;;;;;;;;;
Y;de;muerte;la;hirió;;;;;;;;;;
Luego;se;hizo;al;monte;;;;;;;;;;
Con;el;niño;en;brazos;;;;;;;;;;
Y;allí;le;abandono;;;;;;;;;;;
--;;;;;;;;;;;;;;
Luna;quieres;ser;madre;;;;;;;;;;;
Y;no;encuentras;querer;;;;;;;;;;;
Que;te;haga;mujer;;;;;;;;;;;
Dime;Luna;de;plata;;;;;;;;;;;
¿Qué;pretendes;hacer;;;;;;;;;;;;
Con;un;niño;de;piel?;;;;;;;;;;
Hijo;de;la;Luna;;;;;;;;;;;
--;;;;;;;;;;;;;;
Y;en;las;noches;que;haya;Luna;llena;;;;;;;
Será;porque;el;niño;esté;de;buenas;;;;;;;;
Y;si;el;niño;llora;;;;;;;;;;
Menguará;la;Luna;;;;;;;;;;;;
Para;hacerle;una;cuna;;;;;;;;;;;
Y;si;el;niño;llora;;;;;;;;;;
Menguará;la;luna;;;;;;;;;;;;
Para;hacerle;una;cuna;;;;;;;;;;;
##;;;;;;;;;;;;;;
Soda Estereo;Musica Ligera;Musica Ligera;1990;https://www.youtube.com/watch?v=T_FkEw27XJ0;canciones/musica_ligera.mid;El rock para esta época continúa mutando, nacen nuevas variantes o subgéneros que tomaran importante relevancia como el Grunge con un ideal un poco controversial. Se trataba de forjar valores como la indiferencia y aislamiento ante la sociedad en las letras de sus canciones. Frente a esto varios grupos revivieron el rock de los 60s para hacer frente a esta tendencia. Adicionalmente se empiezan a combinar sutilmente algunos géneros dando como resultado obras magnificas. Combinaciones del rock con el Pop o la Electrónica, algo sumamente novedoso.  ;"Cuando Soda Soda Stereo se encontraba armado el álbum Canción Animal, Cerati compuso ""De música ligera”, que fue grabada en una sola toma en un estudio de Miami. Esta canción es la más representativa del rock latino ante el resto del mundo. Cerati reveló que su intención era crear música a la música misma. Estando en casa de los padres encontró una caja de discos con la siguiente leyenda: ""Clásicos ligeros de todos los tiempos"". A partir de entonces tuvo la idea de una canción en homenaje a la música.";;;;;;;
Ella;durmió;al;calor;de;las;masas;;;;;;;;
Y;yo;desperté;queriendo;soñarla;;;En el último concierto de Soda Stereo, antes de su separación, Cerati decidió cerrar su ciclo con la banda interpretando su tema más exitoso, para finalmente despedirse con su inolvidable frase: “¡Gracias …Totales!”;;;;;;;
Algún;tiempo;atrás;pensé;en;escribirle;;;;;;;;;
Que;nunca;sorteé;las;trampas;del;amor;;;;;;;;
--;;;;;;;;;;;;;;
De;aquel;amor;;;;;;;;;;;;
De;música;ligera;;;;;;;;;;;;
Nada;nos;libra;;;;;;;;;;;;
Nada;más;queda;;;;;;;;;;;;
No;le;enviaré;cenizas;de;rosas;;;;;;;;;
Ni;pienso;evitar;un;roce;secreto;;;;;;;;;
--;;;;;;;;;;;;;;
De;aquel;amor;;;;;;;;;;;;
De;música;ligera;;;;;;;;;;;;
Nada;nos;libra;;;;;;;;;;;;
Nada;más;queda;;;;;;;;;;;;
De;aquel;amor;;;;;;;;;;;;
De;música;ligera;;;;;;;;;;;;
--;;;;;;;;;;;;;;
Nada;nos;libra;;;;;;;;;;;;
Nada;más;queda;;;;;;;;;;;;
Nada;más;;;;;;;;;;;;;
Nada;más;queda;;;;;;;;;;;;
Nada;más;queda;;;;;;;;;;;;
Nada;más;queda;;;;;;;;;;;;
Nada;más;queda;;;;;;;;;;;;
##;;;;;;;;;;;;;;
